{"cameraMode":{"drawMode":0,"name":"Shaded","section":"Shading Mode"},"sceneLighting":true,"audioPlay":false,"sceneViewState":{"showFog":false,"showMaterialUpdate":false,"showSkybox":false,"showFlares":false,"showImageEffects":false,"showParticleSystems":false},"in2DMode":false,"pivot":{"x":1.4850120544433594,"y":1.8593254089355469,"z":-0.03792122006416321},"rotation":{"x":0.5012934803962708,"y":-0.4108154773712158,"z":0.292975515127182,"w":0.7029253244400024},"size":7.324960708618164,"orthographic":false}