{"cameraMode":{"drawMode":0,"name":"Shaded","section":"Shading Mode"},"sceneLighting":false,"audioPlay":false,"sceneViewState":{"showFog":false,"showMaterialUpdate":false,"showSkybox":false,"showFlares":false,"showImageEffects":false,"showParticleSystems":false},"in2DMode":false,"pivot":{"x":0.006009295582771301,"y":1.3341331481933594,"z":1.054816722869873},"rotation":{"x":-0.14295652508735658,"y":0.7539340853691101,"z":-0.6169571876525879,"w":-0.17470116913318635},"size":0.5264183878898621,"orthographic":false}