{"cameraMode":{"drawMode":0,"name":"Shaded","section":"Shading Mode"},"sceneLighting":true,"audioPlay":false,"sceneViewState":{"showFog":false,"showMaterialUpdate":false,"showSkybox":false,"showFlares":false,"showImageEffects":false,"showParticleSystems":false},"in2DMode":false,"pivot":{"x":0.23560629785060883,"y":2.302701711654663,"z":-2.2809720039367677},"rotation":{"x":0.4472021460533142,"y":-0.5499187111854553,"z":0.4594428837299347,"w":0.5352681875228882},"size":7.324960708618164,"orthographic":false}