{"cameraMode":{"drawMode":0,"name":"Shaded","section":"Shading Mode"},"sceneLighting":true,"audioPlay":false,"sceneViewState":{"showFog":false,"showMaterialUpdate":false,"showSkybox":false,"showFlares":false,"showImageEffects":false,"showParticleSystems":false},"in2DMode":false,"pivot":{"x":-0.042816162109375,"y":1.2530194520950318,"z":1.1549510955810547},"rotation":{"x":0.4139801859855652,"y":0.049663230776786807,"z":-0.02262658253312111,"w":0.9086496829986572},"size":7.371855735778809,"orthographic":false}