{"cameraMode":{"drawMode":0,"name":"Shaded","section":"Shading Mode"},"sceneLighting":true,"audioPlay":false,"sceneViewState":{"showFog":false,"showMaterialUpdate":false,"showSkybox":false,"showFlares":false,"showImageEffects":false,"showParticleSystems":false},"in2DMode":false,"pivot":{"x":0.23560629785060883,"y":2.302701711654663,"z":-2.2809720039367677},"rotation":{"x":0.41771200299263,"y":0.11990058422088623,"z":-0.05571633577346802,"w":0.8989095687866211},"size":2.224958896636963,"orthographic":false}