{"cameraMode":{"drawMode":0,"name":"Shaded","section":"Shading Mode"},"sceneLighting":true,"audioPlay":false,"sceneViewState":{"showFog":false,"showMaterialUpdate":false,"showSkybox":false,"showFlares":false,"showImageEffects":false,"showParticleSystems":false},"in2DMode":false,"pivot":{"x":-0.042816162109375,"y":1.2530194520950318,"z":1.1549510955810547},"rotation":{"x":-0.08873026818037033,"y":0.7964712977409363,"z":-0.12062611430883408,"w":-0.585854172706604},"size":0.8050667643547058,"orthographic":false}